time_sec,x,y,z
1744488945.4083514,0.020548415115105637,-0.010975878472463401,4.6690795783244186
1744488945.4226747,0.02097330953127541,-0.011200285128315527,4.68794123168988
1744488945.4334922,0.0214039008545362,-0.011427686480203992,4.70681201705027
1744488945.454338,0.021840212992684908,-0.01165809535694261,4.725686087876442
1744488945.4663162,0.022282268123263144,-0.011891523647956929,4.744557378533116
1744488945.4801648,0.022730086104685198,-0.01212798199766903,4.763419513753892
1744488945.4906938,0.02318368577580097,-0.012367480493517831,4.782266039845759
1744488945.508671,0.023643083984559575,-0.01261002816009494,4.801090270357123
1744488945.522636,0.024108302652888068,-0.012855636679425436,4.819886451160338
1744488945.5350552,0.024579359509402526,-0.013104315520943639,4.838648242683682
1744488945.5539749,0.025056274906162582,-0.01335607552981099,4.857369828696173
1744488945.564288,0.02553906496477222,-0.013610925323483668,4.876044821577656
1744488945.584021,0.02602774810289671,-0.013868874725235888,4.894667302941568
1744488945.5955253,0.026522340674530877,-0.014129932469954268,4.91323113710654
1744488945.6142812,0.027022858724093036,-0.014394107124992502,4.931730246505033
1744488945.626687,0.027529316837271996,-0.014661406482853799,4.950158435730568
1744488945.6427038,0.028041728778820385,-0.014931837893497103,4.968509489872912
1744488945.6570728,0.02856010713470607,-0.015205408072720214,4.986777119799679
1744488945.6709328,0.02908446487147428,-0.015482123919548504,5.004955193835545
1744488945.686991,0.02961481328195139,-0.01576199143289712,5.023037428176661
1744488945.698125,0.03015116719890388,-0.016045018453219092,5.041018148847425
1744488945.7185984,0.03069353790398482,-0.016331210930676042,5.058891249705816
1744488945.7295885,0.031241934413551702,-0.016620573602049084,5.076650383985648
1744488945.7448552,0.03179636547546901,-0.016913111042662386,5.094289252691182
1744488945.7603366,0.03235684127787945,-0.017208828567331982,5.111801843580476
1744488945.775877,0.03292337172482206,-0.01750773132514796,5.129182182837343
1744488945.7908018,0.03349596627269897,-0.01780982421557705,5.14642431060937
1744488945.8010466,0.03407463672285678,-0.01811511335965417,5.1635226646881165
1744488945.81385,0.03465939979492949,-0.018423607455134435,5.180472420232189
1744488945.824917,0.035250270813177914,-0.018735314455366147,5.197268623744541
1744488945.8437774,0.03584726074674873,-0.019050240012511006,5.213905798894496
1744488945.8544967,0.03645037844319726,-0.01936838865265308,5.230378256967045
1744488945.8700776,0.03705963327220617,-0.019689765166125795,5.246680450389792
1744488945.883905,0.03767503318695903,-0.020014373586913176,5.262806718409526
1744488945.8993046,0.038296583305934294,-0.02034221644580941,5.2787511057513985
1744488945.9146879,0.03892429186294547,-0.020673297899189452,5.294508133990133
1744488945.9296198,0.039558164960378575,-0.021007620968319228,5.310072123508849
1744488945.9440334,0.040198210525355105,-0.021345189619283878,5.325437697783463
1744488945.9551566,0.04084443531696668,-0.021686007188366958,5.340599402273808
1744488945.9722896,0.04149684934638035,-0.022030078705965465,5.355552255695175
1744488945.9878647,0.04215546249965592,-0.022377409120310745,5.370291324632707
1744488946.0038059,0.04282028273597031,-0.02272800235019255,5.384811503249293
1744488946.0137918,0.04349131638966559,-0.023081861444196532,5.399107554330362
1744488946.0361536,0.04416857482203686,-0.023438992077861626,5.41317491375531
1744488946.0526366,0.044852066807329276,-0.023799398616347972,5.427008773192416
1744488946.0731494,0.04554179924384729,-0.02416308477493173,5.440604184748251
1744488946.0860803,0.04623777940827212,-0.024530053993895,5.453956288319111
1744488946.0995529,0.04694001742529082,-0.02490031136956667,5.467060632132415
1744488946.1141233,0.04764852070524275,-0.025273860861709897,5.479912528982431
1744488946.1274414,0.0483632955808462,-0.025650707099648697,5.4925073459673035
1744488946.140235,0.04908434240110453,-0.026030860689254857,5.504840744881577
1744488946.1535275,0.04981166937349112,-0.026414325818670613,5.516908264770984
1744488946.1675014,0.05054528627695006,-0.026801105597369045,5.528705473979777
1744488946.179601,0.051285204781334234,-0.027191205452055844,5.540228325810023
1744488946.1923475,0.05203143360620066,-0.02758463016841535,5.551472576518663
1744488946.2055354,0.05278398178919321,-0.027981385310031207,5.562434121118065
1744488946.218098,0.0535428627405056,-0.028381479124649462,5.5731094141519355
1744488946.2299156,0.05430808738653333,-0.028784918750608544,5.583494703124697
1744488946.2440338,0.05507966399555949,-0.029191709985088275,5.593586003688363
1744488946.2559552,0.055857601690553135,-0.02960185903395678,5.603379473692333
1744488946.2684164,0.05664191429605558,-0.030015374473642973,5.612871815534704
1744488946.2786353,0.05743261382307665,-0.030432263772797747,5.622059578168836
1744488946.294229,0.058229711837772376,-0.03085253400266875,5.630939302946925
1744488946.3087504,0.05903321987474987,-0.03127619206626553,5.639507567731661
1744488946.3194704,0.059843152090540475,-0.031703246129111295,5.64776126201506
1744488946.338827,0.060659521504471986,-0.03213370367110703,5.655697197069938
1744488946.3527598,0.0614823427391527,-0.032567572978116084,5.663312387626657
1744488946.3643548,0.062311632045208086,-0.03300486319576824,5.6706040513687
1744488946.3777056,0.06314740852552442,-0.03344558501072435,5.677569727991203
1744488946.3885329,0.06398969042848172,-0.033889748712237044,5.68420690381025
1744488946.3994389,0.06483849427330525,-0.034337363739604276,5.6905129249057875
1744488946.4147103,0.0656938363721961,-0.034788439486483115,5.696485148347402
1744488946.4296598,0.06655573464013247,-0.03524298624813621,5.7021211175909725
1744488946.442833,0.067424208659759,-0.03570101523780069,5.7074185640232535
1744488946.4589946,0.06829927904611313,-0.036162538227905355,5.712375340553571
1744488946.4693382,0.0691809689470923,-0.03662756832136784,5.716989562390947
1744488946.4876816,0.07006930076042824,-0.03709611818978362,5.721259288755748
1744488946.501587,0.07096429822667355,-0.0375682011638144,5.725182721470309
1744488946.5187304,0.07186598642720608,-0.03804383121861178,5.728758202176649
1744488946.5295768,0.07277439269062855,-0.038523023446584474,5.731984294806281
1744488946.5458913,0.07368954398315328,-0.03900579267123893,5.734859540021604
1744488946.566615,0.074611468080564,-0.03949215407132196,5.7373825642632275
1744488946.5859404,0.07554019390537273,-0.03998212336648734,5.739552110040091
1744488946.5958273,0.07647575200970505,-0.04047571708324493,5.741367078745737
1744488946.6085136,0.0774181745345167,-0.04097295254470984,5.742826525022669
1744488946.624783,0.07836749458108548,-0.04147384754878441,5.743929598355552
1744488946.6358037,0.07932374603507453,-0.041978420285654086,5.744675526289399
1744488946.6570342,0.0802869644328402,-0.04248668980670474,5.745063690693558
1744488946.6667678,0.08125718628424186,-0.04299867567198867,5.745093565750544
1744488946.681371,0.08223444939226088,-0.04351439812396377,5.744764744718003
1744488946.696747,0.08321879286042332,-0.04403387809268734,5.74407693877748
1744488946.7107449,0.08421025710777039,-0.04455713720228608,5.743029976442873
1744488946.7265937,0.0852088838675488,-0.045084197766399145,5.7416238015220875
1744488946.7415118,0.08621471632442568,-0.045615082855300415,5.739858482849863
1744488946.757462,0.08722780021982812,-0.04614981687574773,5.737734306377265
1744488946.7678244,0.08824818245527048,-0.04668842482204712,5.735251653187595
1744488946.7848113,0.0892759129979242,-0.04723093328040618,5.732411158202705
1744488946.7977161,0.09031104413929078,-0.047777369087972414,5.729213574388525
1744488946.8119955,0.0913536306305229,-0.048327758136213275,5.725659688493984
1744488946.8261712,0.09240372445211119,-0.048882129830115965,5.721750418949119
1744488946.8372848,0.09346137766453332,-0.04944051195748576,5.717486632238529
1744488946.8570204,0.09452664692008526,-0.050002930042645326,5.7128695086382875
1744488946.8669102,0.09559959092561814,-0.05056941760824629,5.707900372675654
1744488946.8823926,0.09668026982965486,-0.05114000822230962,5.70258063882873
1744488946.8961127,0.0977687451940775,-0.05171473502092966,5.696911812057093
1744488946.908603,0.09886507954579263,-0.05229363108127807,5.6908954532792375
1744488946.9249678,0.09996933860239177,-0.052876730883143,5.684533356662351
1744488946.9355197,0.10108159002729653,-0.05346406978099364,5.677827448231858
1744488946.9547775,0.10220190017547585,-0.05405568234375523,5.670779527464167
1744488946.9648113,0.10333034057462284,-0.054651605828166645,5.663391777201129
1744488946.9794807,0.1044669806769607,-0.0552518763540429,5.655666193718075
1744488946.994833,0.10561189312720337,-0.055856531708952134,5.647604997335071
1744488947.005953,0.10676515622540617,-0.05646561265808428,5.639210819548216
1744488947.0177557,0.10792684509700122,-0.05707915826287325,5.63048602013501
1744488947.0313582,0.10909703890750057,-0.05769720970176637,5.621433240724325
1744488947.0473087,0.11027581996538026,-0.05831980978790618,5.612055332980233
1744488947.058269,0.11146326800258556,-0.05894699993068714,5.6023549234313545
1744488947.075643,0.11265947247775657,-0.05957882664447123,5.592335338899838
1744488947.087346,0.11386452408287845,-0.060215337040291576,5.581999962933559
1744488947.1003048,0.11507851033893692,-0.0608565764863719,5.571351906321497
1744488947.1145942,0.11630152282164713,-0.06150259242855529,5.560394544711951
1744488947.1254728,0.11753365344346078,-0.062153432417845655,5.549131241454406
1744488947.1422663,0.11877498846825624,-0.06280914094177184,5.53756490953416
1744488947.154932,0.12002562254003306,-0.06346976684655647,5.525699037763593
1744488947.1694922,0.12128564975291453,-0.06413535771657984,5.513537036947644
1744488947.1837578,0.12255516848286199,-0.06480594854948077,5.501082586631505
1744488947.196163,0.12383428541763808,-0.06548159849093646,5.488339923292454
1744488947.2124865,0.12512310219937697,-0.06616236645372399,5.475312879111211
1744488947.2238638,0.1264217302010767,-0.06684831242233044,5.46200593528549
1744488947.2444017,0.12773027011914104,-0.0675394741502462,5.448422755950846
1744488947.261321,0.12904883549851956,-0.06823590542792458,5.434567881192919
1744488947.273504,0.1303775416271709,-0.06893765629416818,5.4204459158142795
1744488947.2870536,0.13171649139242092,-0.06964479024833917,5.406060569866261
1744488947.2983797,0.1330657997290099,-0.07035737283677763,5.391416323771611
1744488947.3119726,0.1344255951600819,-0.07107547182583974,5.376518525549044
1744488947.3237915,0.13579600669938066,-0.07179915287163184,5.361372486371235
1744488947.334095,0.13717714393148636,-0.07252845353094935,5.345982105697082
1744488947.3492835,0.13856912479562672,-0.07326343060407524,5.33035181620573
1744488947.3628633,0.13997207893055824,-0.0740041578219879,5.314486792864237
1744488947.3752778,0.14138614506571243,-0.07475070800137947,5.298392749818738
1744488947.3916934,0.142811445501639,-0.07550314273139927,5.282074235751287
1744488947.402399,0.14424811712600388,-0.07626153002843175,5.265536718108591
1744488947.4188366,0.1456962872051507,-0.07702593229199088,5.248784975842112
1744488947.4329696,0.14715609360232387,-0.07779641717691203,5.231824442488268
1744488947.4472213,0.14862768607455798,-0.07857305839214625,5.214661289050561
1744488947.462045,0.15011119869705192,-0.07935592133855478,5.197300617280912
1744488947.4731395,0.1516067772506796,-0.08014507743035924,5.179748254166702
1744488947.4906957,0.1531145526735747,-0.0809405902352061,5.16200902942694
1744488947.5017192,0.15463467155496013,-0.08174253135835763,5.144088747039443
1744488947.5164583,0.15616727240229794,-0.08255096805259428,5.125992655057898
1744488947.5305922,0.15771249870470969,-0.08336596999729827,5.1077262793176885
1744488947.5443642,0.15927051391694758,-0.08418761706536587,5.089296369059348
1744488947.5600438,0.16084146627688395,-0.08501597681392911,5.070708414682017
1744488947.5731342,0.1624255419128302,-0.08585111816327688,5.0519691973861125
1744488947.5908043,0.16402290627209554,-0.08669313213742708,5.033086033760946
1744488947.600819,0.16563370623752,-0.0875420972698659,5.014064863681242
1744488947.6167212,0.167258073244997,-0.08839807874599512,4.994910319503655
1744488947.6309216,0.16889615562300522,-0.08926114775696009,4.975627882111849
1744488947.6439807,0.17054813406550623,-0.09013139067969948,4.956224891426179
1744488947.6598768,0.17221416317166505,-0.09100887945160939,4.936706979465249
1744488947.67363,0.17389441972940253,-0.09189369680168717,4.917081046256643
1744488947.6918714,0.1755890955938774,-0.09278593275568585,4.897354829430512
1744488947.7024722,0.1772983597657182,-0.09368566524580942,4.877534611188721
1744488947.7181876,0.17902236194221813,-0.09459296208243533,4.857625458806049
1744488947.731882,0.18076126906226406,-0.0955078998052067,4.837633428289055
1744488947.7468646,0.18251527325345474,-0.09643056729666187,4.8175660052911
1744488947.7655873,0.18428456706719148,-0.09736103018796635,4.797429371739235
1744488947.7773733,0.18606933676040754,-0.09829937751541265,4.777230743598286
1744488947.7894275,0.1878697528761959,-0.09924569871802874,4.75697682327868
1744488947.8083432,0.18968600074369366,-0.10020008372311208,4.736674755820154
1744488947.8187277,0.19151826624249169,-0.10116261921305833,4.716331484516601
1744488947.8352745,0.19336673517131658,-0.10213338987055791,4.695953800451711
1744488947.8526456,0.195231592908182,-0.10311247890820509,4.675548362673446
1744488947.8685644,0.19711302027425567,-0.1040999663023439,4.6551214801482965
1744488947.8847563,0.19901119090760028,-0.10509592765157262,4.634678975586763
1744488947.8994277,0.20092630220255134,-0.10610044996136388,4.614227961735103
1744488947.9143078,0.20285854493553276,-0.10711361636624582,4.593775109425498
1744488947.9288173,0.20480811783998545,-0.10813551359517441,4.573327483020204
1744488947.940169,0.20677521237265747,-0.10916622438343536,4.552891684801946
1744488947.9542115,0.20876003348152591,-0.11020583802088606,4.532475030976544
1744488947.9666216,0.21076277513174485,-0.11125443811681943,4.512084183875838
1744488947.9801457,0.21278361960182446,-0.11231210232439189,4.491725124264521
1744488947.992182,0.21482276950491014,-0.11337891841945603,4.471404933494834
1744488948.0049174,0.21688042341501157,-0.11445497208524714,4.4511304403288525
1744488948.0172656,0.21895675501836606,-0.1155403364929268,4.43090707899176
1744488948.0287118,0.22105196176043856,-0.11663509653490929,4.410741558785892
1744488948.0409138,0.22316625764946366,-0.11773934513609034,4.390641456308387
1744488948.0587902,0.22529984917079127,-0.118853171178969,4.370613895783258
1744488948.0689852,0.2274529183726716,-0.11997665104824948,4.35066463467786
1744488948.0880501,0.22962567729461683,-0.12110987557354921,4.330801001154974
1744488948.0986836,0.23181833526418197,-0.12225293374342103,4.311030121970992
1744488948.1138563,0.23403109641492253,-0.12340591144925278,4.291358788457678
1744488948.126282,0.2362641580578782,-0.1245688901820096,4.271793372393451
1744488948.1373255,0.2385176958037045,-0.12574191619473418,4.25233901914168
1744488948.1554592,0.24079191185314566,-0.12692507585954313,4.233002250993444
1744488948.1658883,0.24308701482058737,-0.12811846726390205,4.2137898657976605
1744488948.1799407,0.2454032005600565,-0.1293221749646008,4.194707915984762
1744488948.193841,0.24774066984209214,-0.1305362823532719,4.175762644408291
1744488948.2041776,0.25009963205814106,-0.13176087514223767,4.156960679937236
1744488948.2196672,0.25248027511370486,-0.1329960274458948,4.138307479674576
1744488948.2329428,0.2548827993684129,-0.13424181871313823,4.119809092780742
1744488948.24813,0.2573074206472711,-0.13549833535066796,4.101472313986897
1744488948.2627,0.25975433238882717,-0.13676565242095357,4.083302743309372
1744488948.274542,0.2622237427437112,-0.1380438517049166,4.065306691180938
1744488948.2916305,0.26471584290929717,-0.13933300639499682,4.047489568324398
1744488948.3021367,0.2672308424684389,-0.14063319818928502,4.029857682574441
1744488948.3154871,0.2697689291646327,-0.14194449788625468,4.012416207964541
1744488948.3305006,0.2723303024249973,-0.14326697587718235,3.9951706086173044
1744488948.3441439,0.27491519983507867,-0.1446007071648503,3.9781275990270335
1744488948.3600657,0.2775237972487381,-0.14594576671215556,3.961292201481596
1744488948.3706903,0.2801562953303997,-0.14730223644828247,3.944670434043707
1744488948.389,0.28281291334918757,-0.1486702022838512,3.9282689997356073
1744488948.3997245,0.2854938408486592,-0.15004973323931456,3.9120930007285413
1744488948.415376,0.2881992881892112,-0.15144090653857387,3.896148482700859
1744488948.4298,0.2909294637144728,-0.15284379720573407,3.88044133343493
1744488948.442775,0.29368456355041495,-0.1542584734968368,3.8649767991115334
1744488948.4599054,0.2964647873674888,-0.15568500457104895,3.849760266695624
1744488948.4698925,0.2992703190378508,-0.15712345151380397,3.8347963333944914
1744488948.486386,0.3021013620485214,-0.15857388418579724,3.8200905289676443
1744488948.4992392,0.30495811281524543,-0.16003636877131983,3.8056480306499787
1744488948.5152433,0.30784075829002666,-0.16151096677438107,3.791473555230768
1744488948.5293126,0.31074949067486113,-0.16299774199692543,3.77757206870319
1744488948.5407324,0.3136844939028082,-0.16449675424159077,3.763948140375168
1744488948.5590498,0.31664595535342793,-0.16600806477842564,3.7506065007020686
1744488948.57405,0.3196340396637281,-0.16753172411604544,3.7375507985278302
1744488948.585683,0.32264893280347445,-0.16906779240866493,3.724785680458524
1744488948.5982268,0.3256908113648528,-0.17061632509894925,3.7123153358488508
1744488948.6129498,0.32875986558575254,-0.17217737801286942,3.7001443255838167
1744488948.6244934,0.3318562914545482,-0.17375100242432298,3.6882771673196424
1744488948.637636,0.33498024459599524,-0.17533723547165306,3.6767173576058068
1744488948.649046,0.3381318961101366,-0.17693613365003655,3.665468905229275
1744488948.6624277,0.34131142744026177,-0.17854776010215032,3.654536127344004
1744488948.676447,0.3445190140740825,-0.18017216875261732,3.6439229542521834
1744488948.6877487,0.34775481727965935,-0.1818094035274652,3.633632587853597
1744488948.7013912,0.3510190121907557,-0.18345951253484774,3.623668809791568
1744488948.7127435,0.35431177543527304,-0.1851225431170886,3.614035425996463
1744488948.7261019,0.3576332609650218,-0.1867985313077809,3.6047351786820583
1744488948.7424927,0.3609836261913706,-0.18848751392923344,3.5957709476686057
1744488948.7523096,0.3643630416934482,-0.19018953312840675,3.587146196125558
1744488948.7677512,0.36777166253420035,-0.1919046229707094,3.5788636838394448
1744488948.7782333,0.3712096493238362,-0.19363280899085245,3.570926415105319
1744488948.7965274,0.37467717052132266,-0.195374134246533,3.563337763153751
1744488948.806852,0.37817438552410315,-0.1971286394049735,3.5561007049823017
1744488948.8209867,0.3817014434699489,-0.19889635759710966,3.5492177720878444
1744488948.8358824,0.38525849295389464,-0.2006773202396207,3.542691488356351
1744488948.8486633,0.38884567781845275,-0.20247155582309154,3.5365241858662686
1744488948.8649135,0.3924631418097899,-0.20427909223400326,3.5307182112717377
1744488948.8750184,0.39611102584622493,-0.20609995564115535,3.5252758051910096
1744488948.8930376,0.3997894615043754,-0.2079341676587346,3.520198816604082
1744488948.9058917,0.40349858054587545,-0.2097817495117942,3.515489119466025
1744488948.9228022,0.40723851132384387,-0.21164272044125837,3.511148454245996
1744488948.9356074,0.4110093812982091,-0.21351709877983313,3.5071785357089102
1744488948.9462657,0.41481131496099766,-0.2154049010409316,3.5035809613949427
1744488948.9625585,0.41864443394805084,-0.2173061419709578,3.500357215344111
1744488948.9739845,0.4225088580951972,-0.21922083501947157,3.4975087128116598
1744488948.987996,0.42640469912019907,-0.22114898964391214,3.4950365286161826
1744488949.0021331,0.43033206733162876,-0.22309061422180806,3.4929416852553934
1744488949.0161984,0.4342910738325953,-0.22504571700876272,3.491225246477222
1744488949.0304554,0.43828182234263513,-0.2270143026606032,3.489887968732221
1744488949.0402668,0.44230441675722887,-0.22899637546340645,3.4889306232962003
1744488949.0564642,0.4463589551751369,-0.23099193679844895,3.488353743615954
1744488949.0697637,0.4504455348089087,-0.2330009872140401,3.488157833661303
1744488949.0850403,0.4545642505376622,-0.23502352580052496,3.4883433075358248
1744488949.0988874,0.4587151927691545,-0.23705954927585085,3.4889104005254263
1744488949.1126537,0.46289844824719006,-0.239109052314657,3.4898592045657906
1744488949.1280496,0.467114100694853,-0.24117202780696068,3.49118969667374
1744488949.141313,0.4713622321571769,-0.243248467409075,3.492901796479769
1744488949.1578915,0.4756429214453957,-0.24533836089334185,3.4949953031865606
1744488949.1681542,0.47995624514699026,-0.24744169657186182,3.4974699396378455
1744488949.1822326,0.48430227566305567,-0.24955846050013025,3.500325273576524
1744488949.1949537,0.4886810823244207,-0.25168863696066884,3.5035607666848865
1744488949.2066152,0.49309273331127507,-0.25383220927787115,3.507175856491254
1744488949.2248378,0.4975372924016802,-0.255989158523744,3.5111698259081363
1744488949.2353718,0.5020148175359693,-0.2581594629821465,3.515541748231222
1744488949.2497559,0.506525365129939,-0.2603430999530946,3.520290667184742
1744488949.2629602,0.5110689866888872,-0.2625400444321694,3.525415462113771
1744488949.279255,0.5156457282015713,-0.26475026892270165,3.53091482679208
1744488949.29618,0.5202556344697039,-0.2669737452281498,3.5367874479922827
1744488949.307976,0.5248987416565137,-0.26921044150989115,3.5430317058929046
1744488949.3204434,0.52957508569943,-0.27146032568850326,3.5496460157360588
1744488949.3315434,0.5342846968534706,-0.27372336328865204,3.556628607951129
1744488949.3499622,0.5390276095579387,-0.27599952135137534,3.563977923858989
1744488949.3665707,0.5438038522907019,-0.27828876440906364,3.571692206696256
1744488949.3817074,0.5486134381079869,-0.28059105076078716,3.579769122063756
1744488949.3948164,0.5534563782386553,-0.28290633780469543,3.5882063000520232
1744488949.4074645,0.5583326877852148,-0.28523458421736003,3.59700155890014
1744488949.419763,0.5632423759162298,-0.28757574608138836,3.6061525115551274
1744488949.4318147,0.5681854416206971,-0.2899297752147319,3.6156563957816856
1744488949.4460018,0.5731618817513591,-0.292296622264682,3.625510391943994
1744488949.4577923,0.5781716997088558,-0.2946762400127032,3.6357119643577676
1744488949.471381,0.5832148885908174,-0.297068576882859,3.6462581959589366
1744488949.4818933,0.5882914313800173,-0.2994735770310463,3.657145797356393
1744488949.4977837,0.5934013230822884,-0.30189118877869264,3.6683719773765433
1744488949.5128098,0.5985445535734926,-0.3043213580857775,3.679933770467158
1744488949.5241966,0.60372109551827,-0.3067640240249931,3.6918275668450757
1744488949.5437078,0.6089309271015859,-0.30921912738481977,3.70405000324288
1744488949.554066,0.6141740143434672,-0.3116866040620987,3.716597275352159
1744488949.5703368,0.6194503279772579,-0.314166391397022,3.729465796512012
1744488949.5828338,0.6247598309891993,-0.3166584255544313,3.7426517950994596
1744488949.597115,0.6301024701986285,-0.31916264256190097,3.75615115421997
1744488949.611117,0.6354782094952325,-0.32167897415583346,3.769960037911561
1744488949.621299,0.6408869989428169,-0.32420734665743806,3.784074103747517
1744488949.637267,0.6463288002990504,-0.3267476914356458,3.7984895316065015
1744488949.6498806,0.651803566681233,-0.3292999372493107,3.8132022310840785
1744488949.6623845,0.657311226887945,-0.3318640044569643,3.8282072350826093
1744488949.6780481,0.6628517068511833,-0.3344398127275154,3.843499521068316
1744488949.6885467,0.6684249424140974,-0.3370272855606313,3.859074497525976
1744488949.7084572,0.674030854055814,-0.33962634119246954,3.874927036770333
1744488949.71959,0.6796693595503062,-0.34223689710859434,3.8910519587815187
1744488949.7356277,0.685340375602369,-0.34485887060009335,3.9074440934784294
1744488949.7496936,0.691043818097445,-0.34749217881945116,3.9240982898828265
1744488949.7634268,0.6967796023355601,-0.3501367388326258,3.9410094246197245
1744488949.77988,0.7025476391465828,-0.35279246622892263,3.958172253962194
1744488949.7931612,0.7083478438872028,-0.35545927822622425,3.9755817533594637
1744488949.8108299,0.7141801187880067,-0.3581370875273844,3.9932324490150406
1744488949.821041,0.7200443736602883,-0.36082580945106457,4.011119197846423
1744488949.8368356,0.7259405297426261,-0.3635253631734987,4.029237328592326
1744488949.849701,0.7318684984247256,-0.3662356644415615,4.047581839390277
1744488949.8613133,0.7378281583492202,-0.36895661785653017,4.066146538023054
1744488949.8732677,0.7438193859693907,-0.37168812728896294,4.084925189012023
1744488949.8876297,0.7498420836432295,-0.3744301060055332,4.1039125634405735
1744488949.8990722,0.7558961405752723,-0.3771824766350618,4.12310298443713
1744488949.9161541,0.7619814205020057,-0.37994513894514226,4.1424898531180085
1744488949.927335,0.7680977912994771,-0.3827179913821017,4.162066766005475
1744488949.9426692,0.7742451240139179,-0.38550094842668164,4.181827483938749
1744488949.955771,0.7804232896913955,-0.3882939070883535,4.201765813327923
1744488949.9691975,0.7866321602767508,-0.39109676407718574,4.2218756397571635
1744488949.978999,0.7928715968157223,-0.3939094152673323,4.242150490375011
1744488949.992742,0.7991414441720531,-0.3967317533387207,4.2625833386747995
1744488950.0063155,0.8054415518913365,-0.39956367400578785,4.283167376973997
1744488950.0176814,0.8117717906156571,-0.402405080833561,4.3038966211391845
1744488950.0344517,0.8181320131609394,-0.40525587259760043,4.324764470057095
1744488950.0452943,0.8245220639430435,-0.40811594609120805,4.345764053292022
1744488950.0599954,0.8309418002838395,-0.41098520262722665,4.366889015507098
1744488950.0726137,0.8373910743199867,-0.41386354222787336,4.388132848171122
1744488950.0878077,0.8438697220730164,-0.41675086016154206,4.409488487053263
1744488950.1016486,0.8503775975297024,-0.41964705736148983,4.430949564939774
1744488950.1146104,0.8569145339160118,-0.42255202850746937,4.452508988500177
1744488950.1308174,0.863480383377758,-0.425465674075367,4.474160394722878
1744488950.141526,0.8700749790653274,-0.4283878888717466,4.495896760774426
1744488950.1605654,0.8766981696218001,-0.4313185724155699,4.51771166783118
1744488950.1711597,0.8833497971679074,-0.43425762240417326,4.539598495571001
1744488950.1861188,0.8900297012205689,-0.4372049359277568,4.5615505657865585
1744488950.2005832,0.8967377183382684,-0.44016040947490326,4.583561130324666
1744488950.2123613,0.9034736514944284,-0.44312393010592727,4.605622253535469
1744488950.2307558,0.9102373303057373,-0.44609539307589574,4.627727010341963
1744488950.241253,0.9170285729870417,-0.44907469086282586,4.649868097803493
1744488950.2610085,0.9238472065336986,-0.45206171896528063,4.672038569356618
1744488950.2769775,0.9306930447213062,-0.45505636967978735,4.6942310328759405
1744488950.290576,0.9375658928054468,-0.4580585334535006,4.716437820670459
1744488950.303602,0.9444655476279337,-0.4610680989403861,4.738650992398667
1744488950.3158145,0.9513918325921064,-0.4640849626706814,4.7608636046174535
1744488950.3280036,0.9583445641206709,-0.4671090196431759,4.783068490240912
1744488950.3396227,0.9653235459051476,-0.47014016172673523,4.805258048983184
1744488950.350962,0.9723285723602626,-0.47317827862107453,4.827424372414685
1744488950.364407,0.9793594441208284,-0.4762232620289973,4.849559805613283
1744488950.376975,0.9864159879434726,-0.47927501153090324,4.871657695403671
1744488950.388811,0.9934980074501637,-0.4823334328578834,4.893711097998822
1744488950.3999693,1.0006053012958278,-0.48539841809738915,4.915712375150757
1744488950.4125404,1.0077376668433813,-0.488469854930801,4.937653680307236
1744488950.4244468,1.0148949030769048,-0.49154763357049297,4.95952732988408
1744488950.4360545,1.0220768393193034,-0.49463165362868616,4.981326821575687
1744488950.4492378,1.0292832930907354,-0.49772181295332785,5.003045294638223
1744488950.46396,1.0365140608080399,-0.5008180051398247,5.024675183212923
1744488950.4750063,1.0437689336491562,-0.5039201234500157,5.046208782112621
1744488950.4886286,1.051047729662194,-0.5070280686496313,5.067639401085345
1744488950.4994292,1.058350253809596,-0.5101417389718048,5.088959913858846
1744488950.5118582,1.0656762949145784,-0.5132610293486563,5.110162642513004
1744488950.523949,1.0730256526406778,-0.516385837917001,5.131240328355591
1744488950.5367322,1.0803981520149788,-0.5195160693324442,5.152186653135189
1744488950.5485864,1.0877936079839783,-0.5226516262235946,5.172994954480101
1744488950.5610957,1.09521181676046,-0.5257924071955732,5.193657910614195
1744488950.5773423,1.1026525709726023,-0.5289383104291467,5.21416808635231
1744488950.5873315,1.1101156895339532,-0.532089240538332,5.2345190123583984
1744488950.6063805,1.117600977652189,-0.5352450993799608,5.254703738725122
1744488950.6177406,1.1251082350825306,-0.5384057880046534,5.27471513363256
1744488950.6302314,1.1326372685048278,-0.5415712094827365,5.2945463316778945
1744488950.6475227,1.140187882489007,-0.544741266924623,5.314190407951038
1744488950.6582901,1.1477598840754613,-0.5479158645328589,5.333640544747126
1744488950.6743193,1.155353082847465,-0.5510949076465942,5.352890035140606
1744488950.686801,1.1629672914604612,-0.5542783028725583,5.371932302920622
1744488950.6997054,1.1706023290514322,-0.5574659588046655,5.3907610265725845
1744488950.712246,1.1782580176614692,-0.5606577852609643,5.409370009854035
1744488950.7275994,1.1859341728465271,-0.5638536913509659,5.427752841143734
1744488950.7404869,1.1936306289845688,-0.567053590605576,5.445903810092863
1744488950.7537355,1.2013472038258353,-0.5702573937993193,5.463816621124631
1744488950.7683604,1.209083736998759,-0.5734650179274224,5.4814857898094935
1744488950.7788167,1.216840054080823,-0.5766763904942604,5.498905344451966
1744488950.796766,1.2246159596842479,-0.5798914198634998,5.516068555640328
1744488950.8090231,1.2324112665066533,-0.5831100133744831,5.532969001394267
1744488950.823971,1.2402257961360497,-0.5863320821282307,5.549600599746462
1744488950.838692,1.24805937195956,-0.5895575390960737,5.565957350526669
1744488950.8521042,1.2559118236892108,-0.5927862995792417,5.582033499664283
1744488950.8691542,1.2637829834747516,-0.5960182802308903,5.597823397407212
1744488950.885439,1.271672702655492,-0.5992534018073851,5.613322108614041
1744488950.8989353,1.2795808220463414,-0.6024915838264553,5.628524328853017
1744488950.9120607,1.2875071788777674,-0.6057327457491543,5.643424636027849
1744488950.926474,1.2954516095955992,-0.6089768074303252,5.658017591236126
1744488950.9392407,1.30341397272256,-0.6122236928246433,5.672298573840522
1744488950.9498253,1.3113941153568083,-0.6154733244465957,5.686262555655423
1744488950.9653184,1.3193918785838163,-0.618725624290072,5.699904297491944
1744488950.9800944,1.327407106975796,-0.6219805153433825,5.713218696206428
1744488950.990866,1.3354396542506912,-0.6252379224222071,5.726200992168403
1744488951.0101352,1.3434893736011342,-0.6284977706517888,5.738846414567336
1744488951.0207791,1.351556129138011,-0.6317599871368907,5.751150602130581
1744488951.0358284,1.3596397827710685,-0.6350244991628637,5.763109121324837
1744488951.047254,1.367740209114172,-0.6382912447120503,5.774718021113488
1744488951.064483,1.3758572786330578,-0.6415601541557625,5.785973202069499
1744488951.0827608,1.383990859008889,-0.6448311529387728,5.796870470483463
1744488951.0970235,1.3921408215619815,-0.6481041684587412,5.807405780585238
1744488951.1100273,1.4003070445849632,-0.6513791300882766,5.817575358328218
1744488951.1237903,1.4084894020599583,-0.65465596748356,5.827375283764345
1744488951.137284,1.4166877720467832,-0.6579346114593758,5.836801801515715
1744488951.148037,1.4249020420923366,-0.6612149944791493,5.845851521593736
1744488951.1604745,1.433132096207682,-0.664497049027344,5.854520935061548
1744488951.1791568,1.4413778221522267,-0.6677807083872106,5.862806683943249
1744488951.1896312,1.4496391157649477,-0.6710659070409881,5.870705722024165
1744488951.2079482,1.4579158691597685,-0.6743525793598582,5.878214873599006
1744488951.220336,1.4662079795194816,-0.6776406604981179,5.885331160792645
1744488951.2353783,1.4745153480257223,-0.6809300862362316,5.89205176307765
1744488951.2484956,1.4828378800526294,-0.684220792952612,5.898374024305322
1744488951.260474,1.4911754862656794,-0.6875127176797148,5.904295494006693
1744488951.2764678,1.499528077268394,-0.6908057975902505,5.909813726409532
1744488951.2873294,1.5078955740790791,-0.6940999708487667,5.914926675478238
1744488951.3025036,1.516277895830531,-0.6973951755563159,5.919632232133791
1744488951.316714,1.5246749632394758,-0.7006913500170842,5.923928355730183
1744488951.3285835,1.5330867014333496,-0.7039884329246715,5.927813181902125
1744488951.345097,1.541513037828344,-0.7072863631727989,5.931284943400193
1744488951.3553112,1.5499539032966922,-0.7105850798998841,5.934342015528146
1744488951.3714612,1.5584092335007844,-0.7138845225267315,5.936982968154944
1744488951.3846593,1.5668789664898035,-0.7171846305673789,5.939206475338488
1744488951.4004369,1.5753630441871254,-0.7204853436701988,5.941011372987967
1744488951.4146166,1.5838614109900089,-0.723786601503307,5.9423966060878035
1744488951.4266477,1.5923740143365126,-0.7270883437410847,5.943361250959704
1744488951.4449315,1.6009008042631656,-0.7303905100050894,5.943904498695772
1744488951.455411,1.6094417332891489,-0.7336930398197107,5.944025651022718
1744488951.4731011,1.6179967578048062,-0.7369958726169428,5.943724174166929
1744488951.4859693,1.6265658374156005,-0.7402989476636557,5.942999674089066
1744488951.5000486,1.6351489349672432,-0.7436022040130151,5.941851898041143
1744488951.5144036,1.6437460167026574,-0.7469055804571509,5.940280741387992
1744488951.5257933,1.6523570533049012,-0.7502090154891903,5.93828628912379
1744488951.5448203,1.6609820188667992,-0.7535124472255841,5.9358687770301755
1744488951.5557284,1.6696208929675793,-0.7568158133625364,5.933028674119173
1744488951.5703094,1.6782736572362735,-0.7601190510901976,5.929766549865737
1744488951.5847485,1.6869402981612946,-0.763422097039228,5.926083185771153
1744488951.5990222,1.6956208067485916,-0.7667248872121093,5.921979563723757
1744488951.6160002,1.704315172132398,-0.7700273569841874,5.9174566158525534
1744488951.62794,1.7130233920191191,-0.7733294409335237,5.912515637794743
1744488951.6504796,1.7217454662125633,-0.7766310728529325,5.907158034938908
1744488951.6643705,1.730481397823548,-0.779932185679805,5.901385371595236
1744488951.6860356,1.7392311860907212,-0.7832327087904634,5.8951988767659245
1744488951.7073464,1.7479948351415882,-0.7865325732597115,5.888600197754575
1744488951.7262533,1.7567723559067123,-0.7898317108812563,5.881591422599678
1744488951.738363,1.7655637640046267,-0.7931300513107856,5.874174787666852
1744488951.7552376,1.774369076000818,-0.7964275226875229,5.866352566602634
1744488951.7675707,1.7831883094221277,-0.7997240518371849,5.85812708864232
1744488951.7892294,1.792021482339462,-0.8030195643674326,5.849500730493978
1744488951.8020616,1.8008686187073744,-0.8063139843451895,5.840476137546818
1744488951.8247714,1.8097297435709006,-0.80960723456239,5.831056033353889
1744488951.8357677,1.8186048806699195,-0.8128992366990452,5.821243124270133
1744488951.858416,1.827494054283464,-0.8161899111863343,5.811040176186982
1744488951.8707573,1.8363972944425426,-0.8194791767283492,5.800450230377108
1744488951.8860261,1.8453146386279637,-0.8227669500580582,5.789476676493503
1744488951.89863,1.8542461085390536,-0.8260531480862694,5.778122297066252
1744488951.9191952,1.8631917444208597,-0.829337684527852,5.766390685978207
1744488951.9307714,1.8721516011410368,-0.8326204700593092,5.754286092195686
1744488951.947355,1.881125724620564,-0.835901414762878,5.7418124438628935
1744488951.9625745,1.890114139550669,-0.8391804297169989,5.7289728323763
1744488951.9765484,1.8991168947441985,-0.8424574215620695,5.715771407582086
1744488951.989005,1.9081340242646727,-0.8457322972699322,5.702211750537122
1744488952.002341,1.9171655848191513,-0.8490049590998563,5.688298449040169
1744488952.0206954,1.9262116394827267,-0.8522753066096157,5.67403641590806
1744488952.0306969,1.9352722323782903,-0.8555432402888706,5.6594298166562975
1744488952.044409,1.9443473912481706,-0.8588086614966156,5.644482170932284
1744488952.059092,1.953437152945941,-0.8620714684914429,5.62919743923504
1744488952.0694625,1.9625415889908229,-0.8653315518925206,5.613581126028269
1744488952.0877435,1.9716607823857464,-0.8685887981368976,5.597639295630664
1744488952.0986013,1.9807947984813445,-0.8718430945058205,5.581377318976106
1744488952.1172097,1.9899436973233113,-0.8750943270486181,5.564800404434745
1744488952.1276193,1.9991075453647205,-0.8783423783737365,5.5479141072622955
1744488952.1415408,2.0082863984095445,-0.8815871309122096,5.530723588541855
1744488952.1598358,2.01748031856001,-0.884828463528739,5.5132343566900115
1744488952.1713052,2.0266893647028392,-0.8880662533952934,5.495451853086492
1744488952.1896288,2.0359136003283913,-0.8913003742583246,5.477381798691653
1744488952.2018185,2.045153080733009,-0.8945306992219997,5.459029629665582
1744488952.221753,2.054407872331443,-0.8977570962561254,5.44040135767412
1744488952.2327707,2.0636780241580386,-0.9009794349182816,5.42150229901191
1744488952.250475,2.0729635802503315,-0.904197583503603,5.402337625390018
1744488952.2647603,2.082264601817005,-0.9074114032393139,5.3829133677485155
1744488952.2802691,2.091581149893898,-0.9106207525536627,5.363235638414232
1744488952.2955189,2.100913290300665,-0.9138254855636909,5.343310861421608
1744488952.309959,2.1102610841683243,-0.9170254546078301,5.323145342783722
1744488952.3271372,2.119624607889913,-0.9202205043297129,5.302746192248996
1744488952.3373578,2.1290039468362085,-0.9234104732051471,5.282121042655802
1744488952.3551493,2.1383991650409895,-0.9265952025742606,5.261276649733055
1744488952.3657959,2.1478103270076456,-0.9297745301377729,5.240219900702816
1744488952.3812988,2.157237483019,-0.9329482946644727,5.218957127341118
1744488952.394294,2.1666806852671257,-0.9361163308321071,5.197494861409124
1744488952.409097,2.176139971473182,-0.9392784747921993,5.1758390601324065
1744488952.4225397,2.1856153962273717,-0.9424345532438926,5.153996597602993
1744488952.4332457,2.1951070237643933,-0.9455843856128501,5.131974931166347
1744488952.451193,2.2046148980678026,-0.9487277948569058,5.109780669854579
1744488952.4685426,2.214139087860189,-0.9518645905608508,5.0874217483749105
1744488952.481354,2.223679664724102,-0.954994576872468,5.0649063790277715
1744488952.501856,2.233236685800843,-0.9581175592575779,5.042242209936547
1744488952.5126762,2.242810189235797,-0.9612333467040284,5.019436092229413
1744488952.528395,2.2524001923774835,-0.964341753023648,4.996493976307438
1744488952.543135,2.2620067270323028,-0.9674425819411858,4.973422661229352
1744488952.5548742,2.271629860469962,-0.9705356173300634,4.95023086202321
1744488952.571029,2.2812696251934987,-0.9736206540931226,4.9269256936892525
1744488952.5821347,2.290926075963488,-0.9766974723918229,4.903515546969455
1744488952.595957,2.3005992284578998,-0.979765866418625,4.880006966696287
1744488952.6090329,2.3102891037364586,-0.9828256235714239,4.856406914760086
1744488952.6204193,2.3199957542145726,-0.985876511195005,4.8327241234964795
1744488952.6375291,2.329719237042299,-0.9889182892332934,4.808967736799231
1744488952.6476755,2.3394595645847365,-0.9919507359300693,4.7851447196227355
1744488952.6641035,2.349216764927438,-0.9949736165884558,4.761263020014867
1744488952.6767488,2.358990874769579,-0.9979866869470885,4.737331206923175
1744488952.6890194,2.3687819107258647,-1.0009897088526525,4.713356946663382
1744488952.7044482,2.378589894566537,-1.0039824362267011,4.689348351265387
1744488952.7143714,2.3884148462516714,-1.0069646188846701,4.665313608731296
1744488952.7319243,2.3982567628042313,-1.009936015155064,4.641259829990069
1744488952.7433684,2.4081156482496504,-1.012896374012192,4.617194683806976
1744488952.7583807,2.417991485126363,-1.015845452752501,4.593124822239753
1744488952.7722535,2.4278842637919067,-1.0187829984279737,4.569057512780405
1744488952.7847083,2.437794001500547,-1.0217087347053706,4.5450017325930885
1744488952.7989464,2.4477206872554835,-1.0246223979245057,4.5209650658776805
1744488952.809934,2.457664327437187,-1.0275237061178963,4.496956306845298
1744488952.8247824,2.4676249298114947,-1.0304123694673841,4.472984560896558
1744488952.8394911,2.477602489177783,-1.0332881003455983,4.4490584184073425
1744488952.8524997,2.487596982644693,-1.0361506170480639,4.425185670557888
1744488952.8709388,2.4976083905423283,-1.0389996285528513,4.401374534112856
1744488952.8822856,2.507636674251237,-1.0418348513311917,4.37763233508912
1744488952.89858,2.5176817696610723,-1.044656015354076,4.3539650890533785
1744488952.9113526,2.5277436277633134,-1.0474628317937822,4.330379959879035
1744488952.9259908,2.537822219942394,-1.05025498772254,4.3068856145166805
1744488952.9415972,2.5479174860587808,-1.0530321891301135,4.283489028067068
1744488952.9526997,2.558029382865285,-1.0557941197462979,4.260198497984015
1744488952.9726803,2.568157843693272,-1.058540449581549,4.2370211034953185
1744488952.983782,2.5783028076075465,-1.0612708601355068,4.21396456497812
1744488952.9989824,2.5884642090761187,-1.063985046496306,4.191036583738852
1744488953.0142384,2.5986419803908682,-1.0666826882401734,4.168245004464929
1744488953.0264053,2.6088360659696397,-1.0693634401425594,4.145598766395477
1744488953.043278,2.6190463763799783,-1.0720269797309325,4.1231048490130435
1744488953.0559604,2.6292728305877873,-1.074672966545835,4.100771081702788
1744488953.071821,2.6395153343694755,-1.0773010649309482,4.078604679522967
1744488953.0828896,2.649773792552146,-1.0799109317191877,4.056613073779948
1744488953.1013107,2.660048090157479,-1.0825022375753623,4.034802581187573
1744488953.1121511,2.6703381208169406,-1.0850746358159427,4.013180396106812
1744488953.1278033,2.680643768249563,-1.0876277838302273,3.991753267403425
1744488953.143284,2.6909649162005382,-1.0901613315426992,3.970528217932225
1744488953.1583269,2.701301464185183,-1.092674902075689,3.949513713943265
1744488953.1721737,2.711653284735373,-1.0951681442406433,3.9287165049052617
1744488953.1825628,2.7220202598160466,-1.0976406871852107,3.9081443399459834
1744488953.1991303,2.732402244625184,-1.1000921875657248,3.8878032032186534
1744488953.21087,2.742799102006356,-1.102522284058668,3.8676999614850955
1744488953.2257714,2.7532107026191497,-1.1049305960302618,3.8478424103138855
1744488953.2397625,2.763636888072367,-1.1073167748553014,3.8282363509900255
1744488953.2525198,2.7740775131179185,-1.1096804433208904,3.8088889892868627
1744488953.2702138,2.78453243257743,-1.1120212134935525,3.7898079080565115
1744488953.2804444,2.7950014847398923,-1.114338711217464,3.770999705896034
1744488953.2984004,2.8054845036620306,-1.1166325575464282,3.7524710169977284
1744488953.3108888,2.8159813007622785,-1.1189023985834405,3.7342269178025536
1744488953.3261964,2.82649169818978,-1.1211478508295725,3.716273835113079
1744488953.341216,2.8370154991145045,-1.123368551022525,3.698616921986848
1744488953.352761,2.8475525138634947,-1.1255641105847252,3.6812624262103135
1744488953.3723648,2.858102537762355,-1.1277341552411695,3.6642156554828285
1744488953.3824372,2.8686653686250394,-1.1298782926452082,3.647482625121765
1744488953.3978155,2.8792407917543685,-1.131996141168385,3.631068617546878
1744488953.411981,2.8898285889410955,-1.1340873124393858,3.6149790573103466
1744488953.4225667,2.9004285478604426,-1.13615139171174,3.599220469998287
1744488953.4412673,2.9110404356501616,-1.138187993143527,3.583797792204963
1744488953.4525027,2.921664021597212,-1.140196711863871,3.5687166997060777
1744488953.4686873,2.9322990613449202,-1.142177159775848,3.553981908964925
1744488953.4835,2.942945310381242,-1.1441289348854167,3.5395986322094704
1744488953.5001736,2.9536025245208344,-1.146051619878567,3.5255726404838774
1744488953.513919,2.9642704451063593,-1.147944819103509,3.5119085583909047
1744488953.5259614,2.9749488135908995,-1.1498081228007095,3.4986115222866174
1744488953.5447435,2.985637360512477,-1.15164113712589,3.4856858280982803
1744488953.5555127,2.9963358170207313,-1.1534434536160796,3.4731363163722735
1744488953.5717733,3.007043905194715,-1.1552146776301229,3.460967116237942
1744488953.5892146,3.0177613433859753,-1.1569544141465595,3.4491822889779358
1744488953.6085799,3.0284878474287384,-1.1586622646749491,3.4377859696168054
1744488953.6189065,3.0392231326931327,-1.1603378206000359,3.4267826542132998
1744488953.6319869,3.0499669096170035,-1.1619806781347706,3.416176560133981
1744488953.6481037,3.0607188837605963,-1.163590438999363,3.405971605808135
1744488953.6589959,3.0714787543557938,-1.1651667163889123,3.3961711664708214
1744488953.6752913,3.0822462197243863,-1.1667091142020738,3.386778938800589
1744488953.6878083,3.0930209730431466,-1.1682172397469923,3.3777982741344257
1744488953.703434,3.103802703403844,-1.1696906948065033,3.369232362407281
1744488953.7169528,3.1145910952636857,-1.1711291004984319,3.3610842277840383
1744488953.7321064,3.1253858273577917,-1.1725320839069866,3.3533564726081795
1744488953.7469468,3.136186575670542,-1.1738992621521767,3.3460519033924387
1744488953.7574492,3.1469930103912453,-1.1752302579678822,3.3391729587149706
1744488953.770678,3.1578047986228013,-1.176524683877477,3.3327223431436503
1744488953.7809703,3.1686216024778755,-1.1777821522212835,3.326702642786756
1744488953.7983453,3.17944307664381,-1.179002291568263,3.3211157062993166
1744488953.8107955,3.1902688719542,-1.180184723411428,3.3159635394572784
1744488953.8263903,3.2010986357127713,-1.1813290587095489,3.3112484340817088
1744488953.8405826,3.2119320087033576,-1.1824349221910633,3.306972064407663
1744488953.8558323,3.2227686278950634,-1.1835019308156247,3.303136294265413
1744488953.8701012,3.2336081249528026,-1.1845297097340108,3.2997425984173274
1744488953.8834357,3.244450127664635,-1.1855178794330352,3.2967925389151485
1744488953.899556,3.2552942596536485,-1.186466061565588,3.2942875621329852
1744488953.9108858,3.2661401401529506,-1.1873738865343317,3.29222873847578
1744488953.923923,3.276987385032347,-1.1882409839207,3.290617115378506
1744488953.9343688,3.2878356066782914,-1.1890669917674086,3.2894534024186
1744488953.9524438,3.2986844147599164,-1.1898515491562454,3.288738243700063
1744488953.9625125,3.309533416581377,-1.1905942962979648,3.2884722252885457
1744488953.9773817,3.32038221737406,-1.1912948786076794,3.2886557466970183
1744488953.9908037,3.3312304207345003,-1.191952945243162,3.289289082527019
1744488954.0041623,3.342077629003939,-1.1925681496653253,3.2903723742442637
1744488954.0195992,3.3529234435935003,-1.193140149368085,3.2919056481340307
1744488954.0301642,3.363767465270922,-1.1936686068999711,3.293888788614127
1744488954.045403,3.3746092943704684,-1.194153190438235,3.296321524299755
1744488954.059136,3.3854485308515962,-1.194593572579917,3.2992034696222112
1744488954.070615,3.396284774261698,-1.1949894301150328,3.3025341307436378
1744488954.0896835,3.4071176236187894,-1.1953404443424709,3.3063128910596284
1744488954.1004324,3.417946677116726,-1.1956462997164456,3.3105390478962913
1744488954.1160517,3.428771532160324,-1.1959066882754936,3.3152116645334577
1744488954.127818,3.439591783653369,-1.196121301523236,3.320329831219656
1744488954.1397572,3.4504070229691943,-1.1962898417025203,3.325892333827745
1744488954.1557443,3.461216843803515,-1.1964120146036181,3.331897758832976
1744488954.1664948,3.4720208377111175,-1.1964875287376364,3.3383445852549336
1744488954.1859903,3.4828185932804496,-1.1965160934218906,3.3452312470503722
1744488954.1964812,3.4936096967283348,-1.196497423520641,3.3525559864225984
1744488954.2106123,3.50439373168839,-1.1964312367264966,3.360316936439377
1744488954.2238698,3.5151702797342588,-1.1963172562931208,3.368512041989852
1744488954.2345607,3.5259389195057085,-1.1961552036398437,3.3771392822452064
1744488954.25291,3.5366992279108103,-1.1959448052106314,3.3861964726723777
1744488954.263419,3.547450781614613,-1.1956857998039667,3.3956810591498003
1744488954.2788024,3.558193155036156,-1.1953779244108582,3.405590536791399
1744488954.2932138,3.5689259218702665,-1.195020921579176,3.415922244016418
1744488954.3045712,3.5796486573345017,-1.1946145496712874,3.4266730793964855
1744488954.320487,3.590360934113617,-1.194158559434455,3.437840175627273
1744488954.3315332,3.601062326980447,-1.1936527162178745,3.4494202804288174
1744488954.3500147,3.611752408423825,-1.1930967771108947,3.4614104035235584
1744488954.3605556,3.6224307533414004,-1.1924905117120093,3.473807247801215
1744488954.3748653,3.6330969430402975,-1.1918337180409864,3.486606783994378
1744488954.38991,3.6437505552609135,-1.191126176352888,3.499805528019411
1744488954.4039798,3.6543911735104038,-1.1903676882964602,3.513399480671645
1744488954.4176834,3.6650183859007144,-1.1895580701457342,3.527384322366664
1744488954.428403,3.675631779414887,-1.188697128516347,3.541756071910341
1744488954.4463139,3.6862309483694373,-1.1877846930272495,3.5565102187550317
1744488954.4567614,3.6968154905959065,-1.1868206005534914,3.5716421470686215
1744488954.47012,3.7073850045027568,-1.1858046842269303,3.5871474247217874
1744488954.4811344,3.7179390926316547,-1.1847367867431053,3.603021451560625
1744488954.4956155,3.728477363345464,-1.183616766382695,3.6192593014488184
1744488954.5088398,3.7389994203989745,-1.1824444618134295,3.6358566232325105
1744488954.5209193,3.749504877799356,-1.1812197430696623,3.652808326717544
1744488954.5373223,3.7599933569299044,-1.1799425018015166,3.670108831766331
1744488954.5475721,3.7704644741950717,-1.178612611752365,3.687753064841346
1744488954.5615318,3.780917852088317,-1.1772299649305409,3.705735539695661
1744488954.5748527,3.791353116699278,-1.175794463892179,3.7240505498930143
1744488954.5909386,3.801769889654559,-1.1743059976767902,3.7426927633312146
1744488954.6046946,3.8121677944685057,-1.1727644614227364,3.761656732758045
1744488954.615281,3.822546453919148,-1.1711697488063628,3.780937080914065
1744488954.6313953,3.8329054975085697,-1.1695217730110925,3.800527993397254
1744488954.6440444,3.8432445614392163,-1.1678204657285964,3.820423251173273
1744488954.6573308,3.8535632795265387,-1.1660657513909665,3.8406168569360433
1744488954.6731725,3.863861288997001,-1.164257562681439,3.8611026664572003
1744488954.6853278,3.8741382398055166,-1.1623958644571932,3.881873828192861
1744488954.7028487,3.8843937758825122,-1.1604806035640014,3.9029239779035843
1744488954.7141385,3.8946275526019725,-1.1585117537152279,3.924246186432458
1744488954.7309167,3.904839215785662,-1.1564892616460247,3.9458342212853927
1744488954.742515,3.915028419083582,-1.1544130906412453,3.967681535771311
1744488954.7607033,3.92519481840888,-1.1522832062608823,3.9897816031854227
1744488954.7734122,3.935338079457471,-1.1500995937647998,4.012127524317726
1744488954.7886655,3.945457869559826,-1.1478622379788566,4.034712491962977
1744488954.8027115,3.9555538649288704,-1.1455711396681103,4.057529425789247
1744488954.8143864,3.965625761593249,-1.1432263398393705,4.080570434288056
1744488954.8306158,3.9756732471863656,-1.1408278541267947,4.103828292934808
1744488954.8427489,3.985696022800003,-1.1383757222142548,4.127295342258122
1744488954.8563101,3.995693778893648,-1.1358699539447075,4.150964681781429
1744488954.86674,4.00566621268882,-1.1333105679150484,4.174829316344014
1744488954.883813,4.015613046161712,-1.130697629926021,4.198881319617789
1744488954.8950605,4.025534013524554,-1.1280312249261364,4.22311245542441
1744488954.9090388,4.035428844036364,-1.125311420440976,4.247514969600114
1744488954.9236042,4.045297272784587,-1.122538289735558,4.272081084385171
1744488954.9379468,4.055139049646446,-1.1197119303983458,4.296802599036486
1744488954.952533,4.064953922215431,-1.1168324293965028,4.321671633163518
1744488954.9638155,4.074741650666284,-1.1138998935878826,4.346679975005561
1744488954.9774017,4.084501982552726,-1.1109143997315896,4.371820129623607
1744488954.9907677,4.094234676194524,-1.1078760414479911,4.397084327082984
1744488955.0059988,4.103939517582677,-1.1047849619800159,4.422463842243006
1744488955.0200934,4.113616269386025,-1.1016412552336685,4.447951048717687
1744488955.032969,4.12326471714495,-1.0984450547938962,4.47353757698813
1744488955.049903,4.132884669573347,-1.0951965380688637,4.499214256843734
1744488955.0610113,4.1424759049771085,-1.0918958605365483,4.524972637551437
1744488955.0778084,4.152038236936259,-1.0885431907241516,4.550803850198253
1744488955.08988,4.161571455767178,-1.0851386415282767,4.576700183230103
1744488955.1065972,4.171075382807356,-1.0816823838368266,4.602652864669771
1744488955.1272235,4.180549850362606,-1.078174607819001,4.628652839411565
1744488955.1408694,4.189994674332717,-1.0746154824831091,4.654691621229608
1744488955.1547167,4.1994096600531385,-1.0710051864469348,4.6807607789217425
1744488955.1692111,4.208794602639605,-1.06734386501354,4.706852555954326
1744488955.1823502,4.21814933106977,-1.0636316859197266,4.732958683769084
1744488955.1972196,4.227473712857179,-1.0598688627801034,4.759070012907477
1744488955.2096379,4.236767579771887,-1.0560555525007296,4.785178628364667
1744488955.2268207,4.246030791302461,-1.0521919600582958,4.811275807184845
1744488955.2410827,4.255263224682779,-1.048278319027628,4.837352391400004
1744488955.255996,4.264464753626091,-1.0443148544547234,4.863399495402061
1744488955.271311,4.273635228738822,-1.040301750095696,4.889409118733005
1744488955.2854533,4.282774524878275,-1.0362392252214527,4.9153726828037865
1744488955.298601,4.291882501367065,-1.0321274695132234,4.941282256411723
1744488955.3127391,4.300959038668683,-1.0279667014058542,4.967129457542668
1744488955.3266346,4.310004049447428,-1.0237571846791689,4.9929051473259936
1744488955.3382833,4.319017423623675,-1.0194991411265901,5.018601055795069
1744488955.35274,4.327999078010517,-1.0151928282714642,5.044208339151811
1744488955.3661232,4.336948941666388,-1.0108385160987907,5.069718011710528
1744488955.3797584,4.345866911249274,-1.0064364185442107,5.095122198778889
1744488955.3938756,4.354752917928668,-1.0019867961299214,5.120412258457632
1744488955.407245,4.3636069102968165,-0.997489929617617,5.145579265913508
1744488955.4220626,4.372428818446815,-0.992946066035751,5.17061499045467
1744488955.4363832,4.381218595503925,-0.9883554812209179,5.195510764899432
1744488955.4497955,4.389976170652801,-0.9837184104263702,5.220258729067428
1744488955.4636924,4.398701495687343,-0.9790351172705706,5.244850595035669
1744488955.477617,4.407394544448457,-0.9743058926890464,5.2692776688409575
1744488955.493213,4.416055272118072,-0.9695309958709835,5.293531896223093
1744488955.5058537,4.42468365609145,-0.9647107134487146,5.317604815218703
1744488955.5192063,4.433279650839387,-0.9598452949784663,5.34148868694106
1744488955.5332847,4.441843244981664,-0.954935034065543,5.365175075442367
1744488955.5469859,4.4503744292002025,-0.9499802226935168,5.388655644968069
1744488955.5599656,4.4588731637057,-0.944981105929657,5.411922939948351
1744488955.5719836,4.467339438085682,-0.9399379653779658,5.434968941128014
1744488955.586944,4.475773254388997,-0.9348510953683984,5.45778547778216
1744488955.600417,4.48417459041825,-0.92972075261087,5.480365087567291
1744488955.614501,4.4925434339638235,-0.9245472032224441,5.502700210593526
1744488955.6275105,4.500879757139076,-0.9193306881263897,5.524783774390762
1744488955.6402428,4.5091835536275156,-0.9140714731758461,5.546608346677263
1744488955.654408,4.517454852978352,-0.9087698678095693,5.568165826224217
1744488955.6681898,4.525693678910388,-0.9034261692945066,5.589448381377962
1744488955.6808074,4.533900030397589,-0.8980406381429308,5.610448856434905
1744488955.6970031,4.542073926817029,-0.8926135576583171,5.631159778288631
1744488955.7107222,4.550215355207982,-0.8871451653320426,5.651574490946292
1744488955.7247396,4.558324336259041,-0.8816357385087996,5.6716857407305366
1744488955.7384334,4.5664008621324435,-0.8760855143265607,5.6914869913109145
1744488955.7535238,4.5744449510326275,-0.8704947596102546,5.710971279161864
1744488955.7672434,4.5824566465390575,-0.8648637696925462,5.73013123577504
1744488955.7804418,4.590435951777095,-0.8591927851388409,5.748960439316968
1744488955.7955148,4.598382894552692,-0.8534820739767734,5.7674520804306235
1744488955.8085282,4.606297469860937,-0.8477318599258667,5.785600116859537
1744488955.8206635,4.614179695198454,-0.8419423912467834,5.803398166550931
1744488955.8333113,4.62202960776859,-0.8361139370152314,5.820839569344324
1744488955.845982,4.629847197754838,-0.8302467055537988,5.837918687145945
1744488955.8593228,4.637632463482464,-0.8243409243603881,5.854629819906201
1744488955.8707652,4.6453854413779405,-0.8183968532525289,5.870966644003055
1744488955.8859677,4.6531061704753265,-0.8124147447990622,5.886922894064883
1744488955.9008117,4.660794643259014,-0.8063947943692585,5.902493275615133
1744488955.9132893,4.668450875821929,-0.8003372237136807,5.917672146377062
1744488955.9254184,4.676074857338961,-0.7942422207754383,5.932454445901503
1744488955.9360836,4.68366657661759,-0.788109971014962,5.946835203478584
1744488955.952762,4.691226056654119,-0.7819406995640684,5.96080891214759
1744488955.9647486,4.698753323806492,-0.7757346424544742,5.974370089603023
1744488955.978548,4.706248377829396,-0.7694919887316687,5.987513813724268
1744488955.9926276,4.713711220791051,-0.7632129265310935,6.000235198871409
1744488956.0052972,4.721141868305065,-0.7568976584844166,6.012529197818158
1744488956.0206819,4.7285403011452924,-0.7505463460748908,6.024391438432162
1744488956.030997,4.735906513171259,-0.7441591641715046,6.035817391002702
1744488956.0473483,4.743240468724857,-0.7377362527849993,6.04680309029082
1744488956.0599227,4.750542136201834,-0.731277754937348,6.0573445623257784
1744488956.0747697,4.757811514514623,-0.7247838461225797,6.067437382612563
1744488956.0894089,4.7650485927216035,-0.7182546889859044,6.077077353343711
1744488956.1012404,4.772253345053162,-0.7116904279470819,6.086260580411038
1744488956.1187887,4.779425741265751,-0.7050912008451377,6.09498329764187
1744488956.1305277,4.786565722141597,-0.6984571122308405,6.103242258426999
1744488956.147707,4.7936732400166955,-0.6917882779350109,6.11103407669386
1744488956.157962,4.800748219440034,-0.6850847823668818,6.118355852094089
1744488956.1754456,4.807790597020409,-0.6783467218630885,6.125204534052232
1744488956.187081,4.81480030491435,-0.6715741868970115,6.131577180960655
1744488956.1989658,4.821777261108976,-0.6647672517969162,6.137471108133685
1744488956.2156718,4.82872137541129,-0.6579259813587165,6.142883789890845
1744488956.2255902,4.835632550951313,-0.6510504326023089,6.1478128326265
1744488956.240416,4.842510675592079,-0.6441406458580986,6.152256101321405
1744488956.2547295,4.849355628741271,-0.6371966521440718,6.156211611670005
1744488956.2677593,4.85616727966162,-0.6302184715474466,6.159677551640682
1744488956.2847288,4.862945490521315,-0.623206116539344,6.162652232840077
1744488956.2964115,4.869690120046326,-0.6161595958613333,6.165134034260122
1744488956.3132524,4.876401011814394,-0.6090789025360631,6.1671215708417355
1744488956.3302965,4.883078001823955,-0.6019640218178951,6.168613579553226
1744488956.344798,4.88972091580927,-0.5948149285631956,6.169608955134971
1744488956.35659,4.8963295684717245,-0.5876315865846614,6.170106757762059
1744488956.3702414,4.902903761029612,-0.5804139463182105,6.1701062441663685
1744488956.381758,4.909443284476193,-0.5731619482745477,6.169606818014003
1744488956.394655,4.9159479179752505,-0.5658755215645191,6.168608049124189
1744488956.406961,4.922417429966156,-0.5585545851494754,6.167109654870731
1744488956.420716,4.92885157495533,-0.5511990447969943,6.165111540879826
1744488956.4346356,4.935250087490846,-0.5438087872890895,6.162613879144697
1744488956.4475682,4.9416126972193215,-0.5363836954909806,6.159616899570071
1744488956.4608867,4.947939109528032,-0.5289236294532123,6.156121147395782
1744488956.4731114,4.954229005412396,-0.5214284265413303,6.152127479219608
1744488956.4864132,4.960482071591546,-0.5138979310126301,6.14763665897502
1744488956.4995642,4.9666979718108495,-0.5063319661780297,6.142649735419238
1744488956.5121808,4.972876345343259,-0.4987303331986283,6.137168056350028
1744488956.5228336,4.979016813146107,-0.4910928172605828,6.131193183304619
1744488956.536329,4.98511901386555,-0.48341922220936107,6.124726425098138
1744488956.5478778,4.991182556321346,-0.4757093251062723,6.117769447919503
1744488956.5608904,4.997207023888315,-0.4679628806775712,6.110324213485875
1744488956.573172,5.003191969966266,-0.4601796172957326,6.1023930304060965
1744488956.586433,5.009136984819052,-0.45235930017562775,6.093977712859774
1744488956.5993602,5.0150416172300005,-0.44450165759662913,6.085080560618091
1744488956.6115823,5.020905381896569,-0.43660638817595754,6.075704259984703
1744488956.623008,5.026727760593591,-0.42867316230908004,6.065851861980726
1744488956.6365774,5.0325082795312,-0.42070169414352,6.055525834628409
1744488956.648593,5.038246422351036,-0.41269166089627884,6.044729123713151
1744488956.6607296,5.043941628796687,-0.4046427020162655,6.03346516075629
1744488956.6713667,5.049593313695869,-0.3965544369916083,6.021737627701896
1744488956.6869638,5.055200961061867,-0.3884265513835222,6.00954933723872
1744488956.7020912,5.060764014640192,-0.38025869679265306,5.996903535203463
1744488956.7136848,5.066281827281911,-0.37205044537794396,5.983804486352914
1744488956.7258663,5.071753798780184,-0.36380141495811347,5.970255853993245
1744488956.736402,5.077179298793542,-0.35551119944747983,5.956261598478729
1744488956.7556295,5.082557633157287,-0.3471793389674799,5.941826359318265
1744488956.7661302,5.0878880861268705,-0.33880535809237505,5.926954961150069
1744488956.7837029,5.093169958811231,-0.33038880019188327,5.911651973901432
1744488956.7964327,5.098402538186103,-0.3219291998634938,5.895922065948379
1744488956.8081899,5.10358508888493,-0.3134260758263969,5.879770093981894
1744488956.8257673,5.108716838993262,-0.3048789186571104,5.863201257491338
1744488956.8357718,5.113797009293828,-0.29628721668567054,5.846220769222325
1744488956.8553183,5.118824827235525,-0.2876504682356722,5.828833700756381
1744488956.8679054,5.123799492918453,-0.2789681480085108,5.811045356573819
1744488956.882423,5.128720159257963,-0.27023967682694766,5.792861486798143
1744488956.8986099,5.133585947670067,-0.2614644848661932,5.7742881034808775
1744488956.91097,5.138395983396955,-0.2526420081069884,5.755331102353023
1744488956.9296963,5.143149355599459,-0.24377165166457887,5.73599669233748
1744488956.9424667,5.14784521844216,-0.23485287880735486,5.7162903154795695
1744488956.960199,5.15248261066841,-0.22588505831848277,5.696218562658803
1744488956.9732316,5.157060614000702,-0.21686760003811562,5.675787492539435
1744488956.9885929,5.161578234608019,-0.20779985481380953,5.655003876286915
1744488957.0044591,5.166034584795657,-0.19868126783990567,5.633873301873324
1744488957.0202868,5.170428636597591,-0.18951117178960888,5.6124027302461315
1744488957.033884,5.1747594136867425,-0.1802889479072814,5.590598508354952
1744488957.0450819,5.179025863586117,-0.17101391958891926,5.568467678506094
1744488957.0656612,5.1832269955110055,-0.161685466982891,5.546016572577365
1744488957.07762,5.187361720032172,-0.15230289448978446,5.52325243471667
1744488957.1002078,5.191428871525567,-0.14286544997942144,5.500183183073506
1744488957.1101303,5.195427249746435,-0.13337235940576647,5.476816985870312
1744488957.1247256,5.199355705565743,-0.12382289699140822,5.453161408137491
1744488957.1347384,5.203213099701781,-0.11421635118195742,5.4292238289731864
1744488957.1501555,5.206998395833089,-0.10455209981162263,5.405010533913393
1744488957.1640065,5.210710441739533,-0.09482943292172168,5.380528860481074
1744488957.1776958,5.214347955298814,-0.08504754229070556,5.3557873206886
1744488957.1942089,5.217909786240467,-0.07520573190063613,5.330793063191932
1744488957.2059944,5.221394657139002,-0.06530321044333905,5.305554372856747
1744488957.2256343,5.224801320005172,-0.0553392165834497,5.280079164699255
1744488957.2376235,5.2281284228499025,-0.045312906025519566,5.254376302311373
1744488957.2534106,5.2313746893683115,-0.03522347039032942,5.228454055560961
1744488957.2692416,5.234538771691735,-0.025070107781245948,5.202320891025028
1744488957.285745,5.237619249032523,-0.014851961708735211,5.175985896170554
1744488957.3014014,5.240614690254228,-0.00456816609991526,5.149458221725384
1744488957.3170877,5.243523781948134,0.00578205068536136,5.122745869181537
1744488957.3375728,5.246345349009974,0.016199348972071557,5.095855506808177
1744488957.3477192,5.249077980579607,0.026684566225764372,5.068795893266719
1744488957.3625188,5.251720205616695,0.03723857993889362,5.041576252722126
1744488957.3770583,5.254270547144075,0.0478622652252321,5.014205774733508
1744488957.3879259,5.25672759983418,0.05855643526071907,4.986692914529765
1744488957.40587,5.259089860620828,0.06932197038065263,4.959046916557306
1744488957.4177024,5.261355865964682,0.08015971316622546,4.931276580618262
1744488957.4314132,5.26352412475303,0.0910705191562784,4.903390859684837
1744488957.4469476,5.265593114818436,0.10205525920558886,4.875398888546693
1744488957.4574993,5.267561462026395,0.11311468500549171,4.847308410605406
1744488957.4782977,5.26942757551535,0.12424970220937574,4.819128974142343
1744488957.4888551,5.271189782332395,0.13546126887231597,4.790870742391989
1744488957.5052788,5.272846481403072,0.14675028062071468,4.7625431530514035
1744488957.5179775,5.274396054383312,0.15811763712227397,4.734155695501208
1744488957.5327618,5.275836930669018,0.1695641941641098,4.705717353825886
1744488957.5477252,5.277167541887513,0.18109079746706638,4.677237002055414
1744488957.5591054,5.278386399742602,0.19269822586186225,4.648722745663733
1744488957.5774102,5.279491817012712,0.20438739467853054,4.6201842819298635
1744488957.5878808,5.280482103523079,0.21615921232460283,4.59163123620607
1744488957.6072721,5.28135556677315,0.22801457965835048,4.563073156061788
1744488957.6177697,5.282110507350338,0.23995439329824453,4.534519551700071
1744488957.6328075,5.282745307348839,0.2519794820943339,4.505979164083823
1744488957.6478658,5.283258277916768,0.2640907164792152,4.477461230132926
1744488957.6629653,5.283647749179621,0.2762889439290537,4.448974739512429
1744488957.6767242,5.283912007856798,0.28857503327306716,4.4205289475307055
1744488957.687532,5.284049457543045,0.3009497613042482,4.392132071817573
1744488957.7065876,5.284058339049083,0.31341400996274366,4.363793563175217
1744488957.7168293,5.283936847846854,0.32596868308721966,4.335523148997771
1744488957.7329996,5.283683237764074,0.3386146337694054,4.307330000603828
1744488957.747111,5.2832957328767804,0.3513527261029742,4.279223444813411
1744488957.7582526,5.282772645557152,0.36418375344512227,4.251212028282529
1744488957.7762167,5.282112176823932,0.37710857661379105,4.223305103945594
1744488957.7882328,5.281312468937824,0.39012808727430753,4.195512412390907
1744488957.8048844,5.280371762764236,0.4032431000102469,4.167842847183317
1744488957.815812,5.279288237990089,0.41645446209238407,4.1403057135686225
1744488957.830765,5.278060227093098,0.4297629081301472,4.1129090666994355
1744488957.8446045,5.276685991024506,0.4431692126819249,4.085661458638365
1744488957.8565953,5.275163692206386,0.45667420803748227,4.058572142097135
1744488957.8740404,5.273491625759114,0.4702786286395749,4.031649293022099
1744488957.8843033,5.2716679451094475,0.4839832949724281,4.004902112742451
1744488957.9007292,5.269690999273246,0.4977888885502281,3.978338258431401
1744488957.912872,5.267559052463489,0.5116961384683806,3.9519659747021114
1744488957.9272594,5.265270452057906,0.5257057101731324,3.9257928243629134
1744488957.941133,5.262823457029712,0.5398183180014675,3.8998269742659106
1744488957.9522276,5.2602160669682,0.5540348360284691,3.874078462112913
1744488957.9684772,5.257446600472173,0.5683559197876913,3.8485548797469744
1744488957.9799516,5.254513197479972,0.5827823302355974,3.823265073254384
1744488957.9943361,5.251413856610898,0.5973149083934598,3.798218855743046
1744488958.0084805,5.248146671976336,0.6119544219253253,3.7734252580740306
1744488958.0200136,5.2447098994559616,0.6267015231551484,3.748892051321638
1744488958.0341673,5.241101666446148,0.6415569350922622,3.724627873148251
1744488958.0454936,5.237320201762193,0.6565213046348687,3.7006405531253934
1744488958.0604956,5.2333638632943185,0.6715951857961074,3.6769369223583728
1744488958.0734036,5.229230917470161,0.686779179227628,3.6535244097948167
1744488958.0876067,5.224919727003043,0.7020738141665013,3.630409694264645
1744488958.1006205,5.220428554671226,0.7174796711140797,3.6076001098060386
1744488958.1110086,5.215755479497646,0.7329974331954284,3.5851042366425823
1744488958.1260333,5.210898914242645,0.748627565495137,3.562928231377713
1744488958.143181,5.20585718912237,0.7643705730350865,3.5410787830201502
1744488958.1575234,5.2006283530359045,0.7802271220912861,3.5195645071490196
1744488958.1725168,5.195210626700272,0.7961977621688167,3.4983927603557503
1744488958.1854694,5.189602178284758,0.8122830634141776,3.4775712183444143
1744488958.1970615,5.183801415069325,0.8284834406439574,3.457105854760041
1744488958.2091043,5.177806596473727,0.8447993945785082,3.437003634109135
1744488958.2230537,5.171615882951061,0.86123149149158,3.4172721715557417
1744488958.234985,5.1652275096992115,0.8777802052092689,3.3979185373693372
1744488958.2522695,5.158639992914611,0.8944458388420846,3.3789478613205257
1744488958.2673206,5.1518517345719514,0.9112287599802791,3.360366043859619
1744488958.2778804,5.144861082280846,0.9281293623644499,3.3421793460296008
1744488958.301703,5.137666322322107,0.9451480683249547,3.3243944332940902
1744488958.3119447,5.130265780655264,0.9622852692444108,3.3070176927514643
1744488958.3275578,5.122658040868844,0.9795411996699541,3.2900537734060813
1744488958.341385,5.114841618014813,0.9969161262336226,3.2735077785547912
1744488958.3566842,5.106814828329454,1.014410421334114,3.2573861265237394
1744488958.3701897,5.098576190338617,1.0320243327366416,3.241693871487033
1744488958.3829954,5.090124098978617,1.0497581688148117,3.226436864561863
1744488958.4003775,5.081456940991892,1.0676122321616066,3.2116209829185713
1744488958.4109688,5.0725732463881315,1.0855867337482674,3.197251128529973
1744488958.426104,5.063471502919632,1.1036818971016022,3.1833324493692836
1744488958.4414117,5.054150395260104,1.121897824742976,3.1698687740298572
1744488958.4559956,5.044608480579958,1.140234679398887,3.156864731220211
1744488958.469622,5.034844373449056,1.1586925971525768,3.1443245439921093
1744488958.4811106,5.024856624673306,1.177271714496181,3.1322528174750373
1744488958.4915664,5.0146438060031535,1.1959721416325382,3.1206539913487026
1744488958.5065465,5.004204679197023,1.214793878613479,3.109531258290873
1744488958.520478,4.993537969684986,1.2337369360589259,3.098888024183367
1744488958.5323536,4.982642286519499,1.2528013767672652,3.088728419852388
1744488958.5476723,4.971516394886308,1.2719871696539233,3.079055566893167
1744488958.5588822,4.960159009106099,1.2912943000861075,3.0698728986795496
1744488958.5754046,4.948568767324765,1.3107227830770167,3.0611843223238577
1744488958.5887601,4.9367443893679575,1.330272580273138,3.0529932243970266
1744488958.600425,4.92468465953764,1.349943609799413,3.045302587023981
1744488958.6170945,4.912388381894279,1.3697357703167405,3.0381152755501524
1744488958.6269722,4.899854490868677,1.3896488847888104,3.0314333541383935
1744488958.6424,4.887081860762909,1.409682799202792,3.0252592798223095
1744488958.655501,4.8740693857313175,1.4298373420744355,3.0195954081823344
1744488958.6675775,4.860816025526901,1.4501123019848028,3.0144437147560232
1744488958.6842575,4.847320749354561,1.4705074567269,3.009806146537306
1744488958.694951,4.833582547818019,1.4910225678418658,3.005684550849374
1744488958.7141879,4.819600476475554,1.5116573594689002,3.002080410138532
1744488958.724834,4.805373591029809,1.5324115508323852,2.998995239584183
1744488958.740193,4.790900995359836,1.5532848326353028,2.9964302926310915
1744488958.7557142,4.776181820913306,1.5742768770694922,2.994386684513184
1744488958.7704306,4.761215213757865,1.5953873437226698,2.992865467364886
1744488958.7870321,4.746000368548231,1.616615862623498,2.991867420693643
1744488958.798534,4.730536516667189,1.6379620394137697,2.9913931196101124
1744488958.8175495,4.714822907994688,1.6594254633638306,2.991443040904518
1744488958.8286235,4.698858823227245,1.6810057008402288,2.992017485971125
1744488958.8455024,4.68264357592883,1.7027022938041427,2.993116566747292
1744488958.8588767,4.666176509638527,1.7245147607769833,2.9947402223748183
1744488958.8750165,4.64945698784529,1.746442601233886,2.9968882791981297
1744488958.8900676,4.632484396233155,1.7684852944282121,2.999560438544536
1744488958.9028828,4.615258143321952,1.7906422991465965,3.002756275029543
1744488958.9208202,4.597777672634742,1.8129130483907097,3.006475167576242
1744488958.9321535,4.5800424388953855,1.8352969604888767,3.010716443038643
1744488958.9477968,4.562051905326719,1.8577934405988223,3.0154793950199323
1744488958.9611905,4.543805577144227,1.8804018663423518,3.0207630915889947
1744488958.9747462,4.525303026139454,1.9031215777591026,3.026566236563578
1744488958.989697,4.506543819250937,1.9259519094773456,3.0328875906199952
1744488959.0015326,4.487527593260071,1.948892159017739,3.039725541428019
1744488959.0178602,4.46825404198343,1.9719415934240268,3.047078183247326
1744488959.0277975,4.448722836700929,1.9950994843478698,3.054943781733237
1744488959.0426252,4.428933721527902,2.0183650682859913,3.0633202270452147
1744488959.0556865,4.4088864758262964,2.041737563642184,3.0722052550419807
1744488959.067056,4.388580867821349,2.0652161910178717,3.081596716785485
1744488959.0859997,4.3680167321149215,2.0888001418503532,3.091492137085798
1744488959.0971103,4.347193971322392,2.112488578839841,3.101888708509484
1744488959.1102777,4.3261124975125025,2.136280660722726,3.112783627358351
1744488959.120918,4.304772276880265,2.1601755246060628,3.1241738396699184
1744488959.1429367,4.283173321138494,2.1841722898015385,3.1360560898453684
1744488959.1551228,4.261315627975942,2.2082700814514022,3.1484272558511748
1744488959.1740513,4.239199238017348,2.232468007523539,3.1612840238248316
1744488959.1853526,4.216824266691927,2.2567651460082945,3.174622705715073
1744488959.201833,4.194190817730689,2.281160577929685,3.1884397228578076
1744488959.2157145,4.171299062217664,2.3056533561050174,3.2027311583466083
1744488959.2277937,4.148149200011694,2.3302425192782628,3.2174929707812954
1744488959.2436395,4.124741491137832,2.3549270797774335,3.232720817031204
1744488959.2540898,4.101076260261796,2.3797060215986927,3.2484100267259595
1744488959.270413,4.077153770683326,2.404578346767536,3.264556303398946
1744488959.284043,4.05297435362584,2.4295430273966625,3.2811550052854512
1744488959.3002923,4.028538457055511,2.4545989884380273,3.298200877022427
1744488959.3147292,4.0038464481904095,2.4797451793933645,3.315689145611496
1744488959.3262925,3.978898803693903,2.5049805064824535,3.333614470474654
1744488959.344384,3.9536959803379843,2.5303038791645283,3.3519716600061584
1744488959.3559928,3.928238526506879,2.5557141717290563,3.3707550601358287
1744488959.3716881,3.9025269522088353,2.5812102691089884,3.3899592713758153
1744488959.3836014,3.876561843686078,2.606791028163312,3.4095785221234505
1744488959.4002867,3.8503437007990104,2.632455333279588,3.4296075604188228
1744488959.4127011,3.8238731318446,2.6582020317641506,3.4500405913403323
1744488959.4250252,3.797150901782802,2.6840299194888213,3.470871018074753
1744488959.4411097,3.7701776782581424,2.709937825474903,3.4920928278249517
1744488959.4511673,3.74295429010113,2.7359245288671206,3.5136991880993764
1744488959.468337,3.7154813899755097,2.761988867642688,3.535684278064847
1744488959.482047,3.687759713537608,2.788129656842035,3.558041884610937
1744488959.497003,3.6597902221111127,2.814345645648839,3.5807646338258556
1744488959.5120478,3.6315737451022385,2.8406356293472412,3.6038459236910456
1744488959.5261593,3.603111299511652,2.866998350636719,3.6272782017681466
1744488959.5483084,3.574403886561031,2.8934325474279468,3.6510540602200505
1744488959.5587306,3.5454526098948214,2.9199369547840828,3.6751656005896596
1744488959.5756123,3.5162585587317365,2.9465103235863084,3.699605058584146
1744488959.5901654,3.4868228516297033,2.9731514013960885,3.7243645669136507
1744488959.6055784,3.457146582770505,2.999858948035705,3.7494364401924023
1744488959.6199768,3.427230869170741,3.0266317219169943,3.774812919915147
1744488959.6334352,3.3970768827380526,3.0534684710704445,3.8004860018321227
1744488959.6495295,3.366685841392659,3.0803679353432214,3.8264474817334
1744488959.6606536,3.3360588554239485,3.1073288873929577,3.8526897709963275
1744488959.6759472,3.3051971575539274,3.134350070422396,3.8792046727880627
1744488959.6890507,3.2741018075069137,3.161430275362186,3.905984948457026
1744488959.7048414,3.242774105559142,3.188568233814854,3.933022127062934
1744488959.7185013,3.211215449006831,3.2157626562048107,3.9603072675796205
1744488959.7330494,3.17942720529449,3.2430122643940917,3.9878316306398807
1744488959.750527,3.1474107610632323,3.2703157794592603,4.015586419495379
1744488959.7608297,3.1151673862659552,3.2976719544817765,4.043563495810211
1744488959.7817342,3.082698217193725,3.3250795750734414,4.071755466694224
1744488959.796595,3.0500045717606685,3.352537368429749,4.1001540273854165
1744488959.8102722,3.0170878655318507,3.3800440685597906,4.1287504047725685
1744488959.822833,2.983949708945658,3.407598377252679,4.157534848750683
1744488959.8417158,2.950591736495,3.4351989961635154,4.186497528222197
1744488959.8528397,2.9170154191588105,3.4628446683149954,4.215629511794791
1744488959.8675761,2.883222082532829,3.4905341730417003,4.24492267005191
1744488959.882917,2.8492131660369244,3.5182662725098477,4.274368321852238
1744488959.8967223,2.8149903650457078,3.546039685046246,4.303956495054238
1744488959.911205,2.780555194797209,3.5738531739910497,4.333678200152403
1744488959.9229271,2.7459093506910306,3.6017054776309334,4.3635235545664175
1744488959.9454434,2.7110542874335817,3.629595389741041,4.39348397082737
1744488959.9593472,2.6759915282457354,3.6575217015726773,4.423550549380455
1744488959.9794784,2.6407228302963026,3.6854831733181523,4.453713221090689
1744488959.9913983,2.605250021334939,3.713478565849377,4.4839615965064645
1744488960.0061862,2.5695749254429465,3.741506654377649,4.514285350441384
1744488960.018319,2.533699129168867,3.7695662669197136,4.544675430704507
1744488960.0330455,2.4976244055656243,3.7976562140908317,4.57512186319472
1744488960.0454817,2.4613526075023584,3.825775307486717,4.605614303275527
1744488960.061345,2.424885436042633,3.8539223956463013,4.636143230638324
1744488960.074549,2.3882246772285445,3.882096327335406,4.666698725123043
1744488960.0853682,2.351372000809077,3.910295980527675,4.697271502949672
1744488960.1038346,2.314329153942766,3.9385202343684855,4.7278519167680315
1744488960.1144297,2.277098042284638,3.9667679588196623,4.75842953737683
1744488960.130601,2.239680384722685,3.9950380603737496,4.788994929494435
1744488960.1509047,2.2020779836434876,4.023329446373963,4.819538260006113
1744488960.1709194,2.1642926317179034,4.051641036613473,4.850049776428834
1744488960.1874518,2.12632612454925,4.079971761791553,4.880519741320857
1744488960.200028,2.0881802961613056,4.108320559708285,4.910938249740188
